champ;url
Malphite.png;ddragon.leagueoflegends.com/cdn/10.11.1/img/champion/Malphite.png
Volibear.png;ddragon.leagueoflegends.com/cdn/10.11.1/img/champion/Volibear.png
Nunu.png;ddragon.leagueoflegends.com/cdn/10.11.1/img/champion/Nunu.png
Volibear.png;ddragon.leagueoflegends.com/cdn/10.11.1/img/champion/Volibear.png
Zilean.png;ddragon.leagueoflegends.com/cdn/10.11.1/img/champion/Zilean.png
Akali.png;ddragon.leagueoflegends.com/cdn/10.11.1/img/champion/Akali.png
Yasuo.png;ddragon.leagueoflegends.com/cdn/10.11.1/img/champion/Yasuo.png
Lucian.png;ddragon.leagueoflegends.com/cdn/10.11.1/img/champion/Lucian.png
Katarina.png;ddragon.leagueoflegends.com/cdn/10.11.1/img/champion/Katarina.png
Gragas.png;ddragon.leagueoflegends.com/cdn/10.11.1/img/champion/Gragas.png
Darius.png;ddragon.leagueoflegends.com/cdn/10.11.1/img/champion/Darius.png
Pantheon.png;ddragon.leagueoflegends.com/cdn/10.11.1/img/champion/Pantheon.png
Graves.png;ddragon.leagueoflegends.com/cdn/10.11.1/img/champion/Graves.png
Taric.png;ddragon.leagueoflegends.com/cdn/10.11.1/img/champion/Taric.png
Yasuo.png;ddragon.leagueoflegends.com/cdn/10.11.1/img/champion/Yasuo.png
Akali.png;ddragon.leagueoflegends.com/cdn/10.11.1/img/champion/Akali.png
Yasuo.png;ddragon.leagueoflegends.com/cdn/10.11.1/img/champion/Yasuo.png
Syndra.png;ddragon.leagueoflegends.com/cdn/10.11.1/img/champion/Syndra.png
Yuumi.png;ddragon.leagueoflegends.com/cdn/10.11.1/img/champion/Yuumi.png
Riven.png;ddragon.leagueoflegends.com/cdn/10.11.1/img/champion/Riven.png
Camille.png;ddragon.leagueoflegends.com/cdn/10.11.1/img/champion/Camille.png
Volibear.png;ddragon.leagueoflegends.com/cdn/10.11.1/img/champion/Volibear.png
Skarner.png;ddragon.leagueoflegends.com/cdn/10.11.1/img/champion/Skarner.png
Tryndamere.png;ddragon.leagueoflegends.com/cdn/10.11.1/img/champion/Tryndamere.png
Lux.png;ddragon.leagueoflegends.com/cdn/10.11.1/img/champion/Lux.png
Talon.png;ddragon.leagueoflegends.com/cdn/10.11.1/img/champion/Talon.png
KogMaw.png;ddragon.leagueoflegends.com/cdn/10.11.1/img/champion/KogMaw.png
Veigar.png;ddragon.leagueoflegends.com/cdn/10.11.1/img/champion/Veigar.png
Rumble.png;ddragon.leagueoflegends.com/cdn/10.11.1/img/champion/Rumble.png
Talon.png;ddragon.leagueoflegends.com/cdn/10.11.1/img/champion/Talon.png
Aatrox.png;ddragon.leagueoflegends.com/cdn/10.11.1/img/champion/Aatrox.png
Ahri.png;ddragon.leagueoflegends.com/cdn/10.11.1/img/champion/Ahri.png
Akali.png;ddragon.leagueoflegends.com/cdn/10.11.1/img/champion/Akali.png
Alistar.png;ddragon.leagueoflegends.com/cdn/10.11.1/img/champion/Alistar.png
Amumu.png;ddragon.leagueoflegends.com/cdn/10.11.1/img/champion/Amumu.png
Anivia.png;ddragon.leagueoflegends.com/cdn/10.11.1/img/champion/Anivia.png
Annie.png;ddragon.leagueoflegends.com/cdn/10.11.1/img/champion/Annie.png
Aphelios.png;ddragon.leagueoflegends.com/cdn/10.11.1/img/champion/Aphelios.png
Ashe.png;ddragon.leagueoflegends.com/cdn/10.11.1/img/champion/Ashe.png
AurelionSol.png;ddragon.leagueoflegends.com/cdn/10.11.1/img/champion/AurelionSol.png
Azir.png;ddragon.leagueoflegends.com/cdn/10.11.1/img/champion/Azir.png
Bard.png;ddragon.leagueoflegends.com/cdn/10.11.1/img/champion/Bard.png
Blitzcrank.png;ddragon.leagueoflegends.com/cdn/10.11.1/img/champion/Blitzcrank.png
Brand.png;ddragon.leagueoflegends.com/cdn/10.11.1/img/champion/Brand.png
Braum.png;ddragon.leagueoflegends.com/cdn/10.11.1/img/champion/Braum.png
Caitlyn.png;ddragon.leagueoflegends.com/cdn/10.11.1/img/champion/Caitlyn.png
Camille.png;ddragon.leagueoflegends.com/cdn/10.11.1/img/champion/Camille.png
Cassiopeia.png;ddragon.leagueoflegends.com/cdn/10.11.1/img/champion/Cassiopeia.png
Chogath.png;ddragon.leagueoflegends.com/cdn/10.11.1/img/champion/Chogath.png
Corki.png;ddragon.leagueoflegends.com/cdn/10.11.1/img/champion/Corki.png
Darius.png;ddragon.leagueoflegends.com/cdn/10.11.1/img/champion/Darius.png
Diana.png;ddragon.leagueoflegends.com/cdn/10.11.1/img/champion/Diana.png
DrMundo.png;ddragon.leagueoflegends.com/cdn/10.11.1/img/champion/DrMundo.png
Draven.png;ddragon.leagueoflegends.com/cdn/10.11.1/img/champion/Draven.png
Ekko.png;ddragon.leagueoflegends.com/cdn/10.11.1/img/champion/Ekko.png
Elise.png;ddragon.leagueoflegends.com/cdn/10.11.1/img/champion/Elise.png
Evelynn.png;ddragon.leagueoflegends.com/cdn/10.11.1/img/champion/Evelynn.png
Ezreal.png;ddragon.leagueoflegends.com/cdn/10.11.1/img/champion/Ezreal.png
Fiddlesticks.png;ddragon.leagueoflegends.com/cdn/10.11.1/img/champion/Fiddlesticks.png
Fiora.png;ddragon.leagueoflegends.com/cdn/10.11.1/img/champion/Fiora.png
Fizz.png;ddragon.leagueoflegends.com/cdn/10.11.1/img/champion/Fizz.png
Galio.png;ddragon.leagueoflegends.com/cdn/10.11.1/img/champion/Galio.png
Gangplank.png;ddragon.leagueoflegends.com/cdn/10.11.1/img/champion/Gangplank.png
Garen.png;ddragon.leagueoflegends.com/cdn/10.11.1/img/champion/Garen.png
Gnar.png;ddragon.leagueoflegends.com/cdn/10.11.1/img/champion/Gnar.png
Gragas.png;ddragon.leagueoflegends.com/cdn/10.11.1/img/champion/Gragas.png
Graves.png;ddragon.leagueoflegends.com/cdn/10.11.1/img/champion/Graves.png
Hecarim.png;ddragon.leagueoflegends.com/cdn/10.11.1/img/champion/Hecarim.png
Heimerdinger.png;ddragon.leagueoflegends.com/cdn/10.11.1/img/champion/Heimerdinger.png
Illaoi.png;ddragon.leagueoflegends.com/cdn/10.11.1/img/champion/Illaoi.png
Irelia.png;ddragon.leagueoflegends.com/cdn/10.11.1/img/champion/Irelia.png
Ivern.png;ddragon.leagueoflegends.com/cdn/10.11.1/img/champion/Ivern.png
Janna.png;ddragon.leagueoflegends.com/cdn/10.11.1/img/champion/Janna.png
JarvanIV.png;ddragon.leagueoflegends.com/cdn/10.11.1/img/champion/JarvanIV.png
Jax.png;ddragon.leagueoflegends.com/cdn/10.11.1/img/champion/Jax.png
Jayce.png;ddragon.leagueoflegends.com/cdn/10.11.1/img/champion/Jayce.png
Jhin.png;ddragon.leagueoflegends.com/cdn/10.11.1/img/champion/Jhin.png
Jinx.png;ddragon.leagueoflegends.com/cdn/10.11.1/img/champion/Jinx.png
Kaisa.png;ddragon.leagueoflegends.com/cdn/10.11.1/img/champion/Kaisa.png
Kalista.png;ddragon.leagueoflegends.com/cdn/10.11.1/img/champion/Kalista.png
Karma.png;ddragon.leagueoflegends.com/cdn/10.11.1/img/champion/Karma.png
Karthus.png;ddragon.leagueoflegends.com/cdn/10.11.1/img/champion/Karthus.png
Kassadin.png;ddragon.leagueoflegends.com/cdn/10.11.1/img/champion/Kassadin.png
Katarina.png;ddragon.leagueoflegends.com/cdn/10.11.1/img/champion/Katarina.png
Kayle.png;ddragon.leagueoflegends.com/cdn/10.11.1/img/champion/Kayle.png
Kayn.png;ddragon.leagueoflegends.com/cdn/10.11.1/img/champion/Kayn.png
Kennen.png;ddragon.leagueoflegends.com/cdn/10.11.1/img/champion/Kennen.png
Khazix.png;ddragon.leagueoflegends.com/cdn/10.11.1/img/champion/Khazix.png
Kindred.png;ddragon.leagueoflegends.com/cdn/10.11.1/img/champion/Kindred.png
Kled.png;ddragon.leagueoflegends.com/cdn/10.11.1/img/champion/Kled.png
KogMaw.png;ddragon.leagueoflegends.com/cdn/10.11.1/img/champion/KogMaw.png
Leblanc.png;ddragon.leagueoflegends.com/cdn/10.11.1/img/champion/Leblanc.png
LeeSin.png;ddragon.leagueoflegends.com/cdn/10.11.1/img/champion/LeeSin.png
Leona.png;ddragon.leagueoflegends.com/cdn/10.11.1/img/champion/Leona.png
Lissandra.png;ddragon.leagueoflegends.com/cdn/10.11.1/img/champion/Lissandra.png
Lucian.png;ddragon.leagueoflegends.com/cdn/10.11.1/img/champion/Lucian.png
Lulu.png;ddragon.leagueoflegends.com/cdn/10.11.1/img/champion/Lulu.png
Lux.png;ddragon.leagueoflegends.com/cdn/10.11.1/img/champion/Lux.png
Malphite.png;ddragon.leagueoflegends.com/cdn/10.11.1/img/champion/Malphite.png
Malzahar.png;ddragon.leagueoflegends.com/cdn/10.11.1/img/champion/Malzahar.png
Maokai.png;ddragon.leagueoflegends.com/cdn/10.11.1/img/champion/Maokai.png
MasterYi.png;ddragon.leagueoflegends.com/cdn/10.11.1/img/champion/MasterYi.png
MissFortune.png;ddragon.leagueoflegends.com/cdn/10.11.1/img/champion/MissFortune.png
Mordekaiser.png;ddragon.leagueoflegends.com/cdn/10.11.1/img/champion/Mordekaiser.png
Morgana.png;ddragon.leagueoflegends.com/cdn/10.11.1/img/champion/Morgana.png
Nami.png;ddragon.leagueoflegends.com/cdn/10.11.1/img/champion/Nami.png
Nasus.png;ddragon.leagueoflegends.com/cdn/10.11.1/img/champion/Nasus.png
Nautilus.png;ddragon.leagueoflegends.com/cdn/10.11.1/img/champion/Nautilus.png
Neeko.png;ddragon.leagueoflegends.com/cdn/10.11.1/img/champion/Neeko.png
Nidalee.png;ddragon.leagueoflegends.com/cdn/10.11.1/img/champion/Nidalee.png
Nocturne.png;ddragon.leagueoflegends.com/cdn/10.11.1/img/champion/Nocturne.png
Nunu.png;ddragon.leagueoflegends.com/cdn/10.11.1/img/champion/Nunu.png
Olaf.png;ddragon.leagueoflegends.com/cdn/10.11.1/img/champion/Olaf.png
Orianna.png;ddragon.leagueoflegends.com/cdn/10.11.1/img/champion/Orianna.png
Ornn.png;ddragon.leagueoflegends.com/cdn/10.11.1/img/champion/Ornn.png
Pantheon.png;ddragon.leagueoflegends.com/cdn/10.11.1/img/champion/Pantheon.png
Poppy.png;ddragon.leagueoflegends.com/cdn/10.11.1/img/champion/Poppy.png
Pyke.png;ddragon.leagueoflegends.com/cdn/10.11.1/img/champion/Pyke.png
Qiyana.png;ddragon.leagueoflegends.com/cdn/10.11.1/img/champion/Qiyana.png
Quinn.png;ddragon.leagueoflegends.com/cdn/10.11.1/img/champion/Quinn.png
Rakan.png;ddragon.leagueoflegends.com/cdn/10.11.1/img/champion/Rakan.png
Rammus.png;ddragon.leagueoflegends.com/cdn/10.11.1/img/champion/Rammus.png
RekSai.png;ddragon.leagueoflegends.com/cdn/10.11.1/img/champion/RekSai.png
Renekton.png;ddragon.leagueoflegends.com/cdn/10.11.1/img/champion/Renekton.png
Rengar.png;ddragon.leagueoflegends.com/cdn/10.11.1/img/champion/Rengar.png
Riven.png;ddragon.leagueoflegends.com/cdn/10.11.1/img/champion/Riven.png
Rumble.png;ddragon.leagueoflegends.com/cdn/10.11.1/img/champion/Rumble.png
Ryze.png;ddragon.leagueoflegends.com/cdn/10.11.1/img/champion/Ryze.png
Sejuani.png;ddragon.leagueoflegends.com/cdn/10.11.1/img/champion/Sejuani.png
Senna.png;ddragon.leagueoflegends.com/cdn/10.11.1/img/champion/Senna.png
Sett.png;ddragon.leagueoflegends.com/cdn/10.11.1/img/champion/Sett.png
Shaco.png;ddragon.leagueoflegends.com/cdn/10.11.1/img/champion/Shaco.png
Shen.png;ddragon.leagueoflegends.com/cdn/10.11.1/img/champion/Shen.png
Shyvana.png;ddragon.leagueoflegends.com/cdn/10.11.1/img/champion/Shyvana.png
Singed.png;ddragon.leagueoflegends.com/cdn/10.11.1/img/champion/Singed.png
Sion.png;ddragon.leagueoflegends.com/cdn/10.11.1/img/champion/Sion.png
Sivir.png;ddragon.leagueoflegends.com/cdn/10.11.1/img/champion/Sivir.png
Skarner.png;ddragon.leagueoflegends.com/cdn/10.11.1/img/champion/Skarner.png
Sona.png;ddragon.leagueoflegends.com/cdn/10.11.1/img/champion/Sona.png
Soraka.png;ddragon.leagueoflegends.com/cdn/10.11.1/img/champion/Soraka.png
Swain.png;ddragon.leagueoflegends.com/cdn/10.11.1/img/champion/Swain.png
Sylas.png;ddragon.leagueoflegends.com/cdn/10.11.1/img/champion/Sylas.png
Syndra.png;ddragon.leagueoflegends.com/cdn/10.11.1/img/champion/Syndra.png
TahmKench.png;ddragon.leagueoflegends.com/cdn/10.11.1/img/champion/TahmKench.png
Taliyah.png;ddragon.leagueoflegends.com/cdn/10.11.1/img/champion/Taliyah.png
Talon.png;ddragon.leagueoflegends.com/cdn/10.11.1/img/champion/Talon.png
Taric.png;ddragon.leagueoflegends.com/cdn/10.11.1/img/champion/Taric.png
Teemo.png;ddragon.leagueoflegends.com/cdn/10.11.1/img/champion/Teemo.png
Thresh.png;ddragon.leagueoflegends.com/cdn/10.11.1/img/champion/Thresh.png
Tristana.png;ddragon.leagueoflegends.com/cdn/10.11.1/img/champion/Tristana.png
Trundle.png;ddragon.leagueoflegends.com/cdn/10.11.1/img/champion/Trundle.png
Tryndamere.png;ddragon.leagueoflegends.com/cdn/10.11.1/img/champion/Tryndamere.png
TwistedFate.png;ddragon.leagueoflegends.com/cdn/10.11.1/img/champion/TwistedFate.png
Twitch.png;ddragon.leagueoflegends.com/cdn/10.11.1/img/champion/Twitch.png
Udyr.png;ddragon.leagueoflegends.com/cdn/10.11.1/img/champion/Udyr.png
Urgot.png;ddragon.leagueoflegends.com/cdn/10.11.1/img/champion/Urgot.png
Varus.png;ddragon.leagueoflegends.com/cdn/10.11.1/img/champion/Varus.png
Vayne.png;ddragon.leagueoflegends.com/cdn/10.11.1/img/champion/Vayne.png
Veigar.png;ddragon.leagueoflegends.com/cdn/10.11.1/img/champion/Veigar.png
Velkoz.png;ddragon.leagueoflegends.com/cdn/10.11.1/img/champion/Velkoz.png
Vi.png;ddragon.leagueoflegends.com/cdn/10.11.1/img/champion/Vi.png
Viktor.png;ddragon.leagueoflegends.com/cdn/10.11.1/img/champion/Viktor.png
Vladimir.png;ddragon.leagueoflegends.com/cdn/10.11.1/img/champion/Vladimir.png
Volibear.png;ddragon.leagueoflegends.com/cdn/10.11.1/img/champion/Volibear.png
Warwick.png;ddragon.leagueoflegends.com/cdn/10.11.1/img/champion/Warwick.png
MonkeyKing.png;ddragon.leagueoflegends.com/cdn/10.11.1/img/champion/MonkeyKing.png
Xayah.png;ddragon.leagueoflegends.com/cdn/10.11.1/img/champion/Xayah.png
Xerath.png;ddragon.leagueoflegends.com/cdn/10.11.1/img/champion/Xerath.png
XinZhao.png;ddragon.leagueoflegends.com/cdn/10.11.1/img/champion/XinZhao.png
Yasuo.png;ddragon.leagueoflegends.com/cdn/10.11.1/img/champion/Yasuo.png
Yorick.png;ddragon.leagueoflegends.com/cdn/10.11.1/img/champion/Yorick.png
Yuumi.png;ddragon.leagueoflegends.com/cdn/10.11.1/img/champion/Yuumi.png
Zac.png;ddragon.leagueoflegends.com/cdn/10.11.1/img/champion/Zac.png
Zed.png;ddragon.leagueoflegends.com/cdn/10.11.1/img/champion/Zed.png
Ziggs.png;ddragon.leagueoflegends.com/cdn/10.11.1/img/champion/Ziggs.png
Zilean.png;ddragon.leagueoflegends.com/cdn/10.11.1/img/champion/Zilean.png
Zoe.png;ddragon.leagueoflegends.com/cdn/10.11.1/img/champion/Zoe.png
Zyra.png;ddragon.leagueoflegends.com/cdn/10.11.1/img/champion/Zyra.png
